{
  "effects": [
    {
      "key": "fireEffect",
      "value": {
        "level1": {
          "Fire_dotDamage": 0.2,
          "Fire_duration": 5.0,
          "Fire_maxStacks": 5
        },
        "level2": {
          "Fire_dotDamage": 0.3,
          "Fire_duration": 6.0,
          "Fire_maxStacks": 4
        },
        "level3": {
          "Fire_dotDamage": 0.4,
          "Fire_duration": 7.0,
          "Fire_maxStacks": 3
        }
      }
    },
    {
      "key": "iceEffect",
      "value": {
        "level1": {
          "Ice_slowEffect": 0.3,
          "Ice_duration": 3.0,
          "Ice_healthRegenRate": 0.01,
          "Ice_maxSlowStacks": 7
        },
        "level2": {
          "Ice_slowEffect": 0.4,
          "Ice_duration": 4.0,
          "Ice_healthRegenRate": 0.02,
          "Ice_maxSlowStacks": 5
        },
        "level3": {
          "Ice_slowEffect": 0.5,
          "Ice_duration": 5.0,
          "Ice_healthRegenRate": 0.03,
          "Ice_maxSlowStacks": 3
        }
      }
    },
    {
      "key": "landEffect",
      "value": {
        "level1": {
          "Land_decreaseAttackSpeed": 0.4,
          "Land_increaseAttackDamage": 0.3
        },
        "level2": {
          "Land_decreaseAttackSpeed": 0.2,
          "Land_increaseAttackDamage": 0.4
        },
        "level3": {
          "Land_decreaseAttackSpeed": 0.1,
          "Land_increaseAttackDamage": 0.5
        }
      }
    },
    {
      "key": "lightEffect",
      "value": {
        "level1": {
          "Light_increaseAttackSpeed": 0.5,
          "Light_decreaseAttackDamage": 0.3
        },
        "level2": {
          "Light_increaseAttackSpeed": 0.9,
          "Light_decreaseAttackDamage": 0.2
        },
        "level3": {
          "Light_increaseAttackSpeed": 1.4,
          "Light_decreaseAttackDamage": 0.1
        }
      }
    }
  ]
}
