{
    "enemyStats": [
        {
            "key": 1001,
            "value": {
                "id" :  1001,
                "curHp": 180,
                "maxHp": 180,
                "attackDamage": 10.0,
                "attackSpeed": 1.0,
                "moveSpeed": 1,
                "defense": 5.0
            }
        },
        {
            "key": 1002,
            "value": {
                "id" :  1002,
                "curHp": 50,
                "maxHp": 50,
                "attackDamage": 20.0,
                "attackSpeed": 1.5,
                "moveSpeed": 1,
                "defense": 10.0
            }
        }
    ]
}
