{
    "playerStats": [
        {
            "key": 1,
            "value": {
                "id" :  1,
                "curHp": 100,
                "maxHp": 100,
                "attackDamage": 10.0,
                "attackSpeed": 1.0,
                "defense": 5.0,
                "moveSpeed": 1,
                "level" :  1
            }
        },
        {
            "key": 2,
            "value": {
                "id" :  1,
                "curHp": 200,
                "maxHp": 200,
                "attackDamage": 20.0,
                "attackSpeed": 1.5,
                "defense": 10.0,
                "moveSpeed": 1.1,
                "level" :  2
            }
        }
    ]
}
